CREATE DATABASE  IF NOT EXISTS `chinese_class` /*!40100 DEFAULT CHARACTER SET utf8 COLLATE utf8_unicode_ci */;
USE `chinese_class`;
-- MySQL dump 10.13  Distrib 5.5.41, for debian-linux-gnu (i686)
--
-- Host: 127.0.0.1    Database: chinese_class
-- ------------------------------------------------------
-- Server version	5.5.41-0ubuntu0.14.04.1

/*!40101 SET @OLD_CHARACTER_SET_CLIENT=@@CHARACTER_SET_CLIENT */;
/*!40101 SET @OLD_CHARACTER_SET_RESULTS=@@CHARACTER_SET_RESULTS */;
/*!40101 SET @OLD_COLLATION_CONNECTION=@@COLLATION_CONNECTION */;
/*!40101 SET NAMES utf8 */;
/*!40103 SET @OLD_TIME_ZONE=@@TIME_ZONE */;
/*!40103 SET TIME_ZONE='+00:00' */;
/*!40014 SET @OLD_UNIQUE_CHECKS=@@UNIQUE_CHECKS, UNIQUE_CHECKS=0 */;
/*!40014 SET @OLD_FOREIGN_KEY_CHECKS=@@FOREIGN_KEY_CHECKS, FOREIGN_KEY_CHECKS=0 */;
/*!40101 SET @OLD_SQL_MODE=@@SQL_MODE, SQL_MODE='NO_AUTO_VALUE_ON_ZERO' */;
/*!40111 SET @OLD_SQL_NOTES=@@SQL_NOTES, SQL_NOTES=0 */;

--
-- Table structure for table `migrations`
--

DROP TABLE IF EXISTS `migrations`;
/*!40101 SET @saved_cs_client     = @@character_set_client */;
/*!40101 SET character_set_client = utf8 */;
CREATE TABLE `migrations` (
  `migration` varchar(255) COLLATE utf8_unicode_ci NOT NULL,
  `batch` int(11) NOT NULL
) ENGINE=InnoDB DEFAULT CHARSET=utf8 COLLATE=utf8_unicode_ci;
/*!40101 SET character_set_client = @saved_cs_client */;

--
-- Dumping data for table `migrations`
--

LOCK TABLES `migrations` WRITE;
/*!40000 ALTER TABLE `migrations` DISABLE KEYS */;
/*!40000 ALTER TABLE `migrations` ENABLE KEYS */;
UNLOCK TABLES;

--
-- Table structure for table `student_teacher`
--

DROP TABLE IF EXISTS `student_teacher`;
/*!40101 SET @saved_cs_client     = @@character_set_client */;
/*!40101 SET character_set_client = utf8 */;
CREATE TABLE `student_teacher` (
  `student_id` int(11) DEFAULT NULL,
  `teacher_id` int(11) DEFAULT NULL,
  KEY `teacher_id_idx` (`teacher_id`),
  KEY `student_id` (`student_id`) USING BTREE,
  CONSTRAINT `student_id` FOREIGN KEY (`student_id`) REFERENCES `students` (`id`) ON DELETE NO ACTION ON UPDATE NO ACTION,
  CONSTRAINT `teacher_id` FOREIGN KEY (`teacher_id`) REFERENCES `teachers` (`id`) ON DELETE NO ACTION ON UPDATE NO ACTION
) ENGINE=InnoDB DEFAULT CHARSET=utf8 COLLATE=utf8_unicode_ci;
/*!40101 SET character_set_client = @saved_cs_client */;

--
-- Dumping data for table `student_teacher`
--

LOCK TABLES `student_teacher` WRITE;
/*!40000 ALTER TABLE `student_teacher` DISABLE KEYS */;
INSERT INTO `student_teacher` VALUES (3,2),(1,2),(2,2),(4,4),(5,4),(6,1),(3,1),(1,1),(1,3),(4,3),(6,3),(6,5),(7,5),(8,5),(1,5),(4,5),(6,6),(7,6),(8,6),(1,6),(5,6),(2,6),(4,6),(8,9),(4,9),(6,8),(9,10),(1,10),(2,10);
/*!40000 ALTER TABLE `student_teacher` ENABLE KEYS */;
UNLOCK TABLES;

--
-- Table structure for table `students`
--

DROP TABLE IF EXISTS `students`;
/*!40101 SET @saved_cs_client     = @@character_set_client */;
/*!40101 SET character_set_client = utf8 */;
CREATE TABLE `students` (
  `id` int(11) NOT NULL AUTO_INCREMENT,
  `name` varchar(45) COLLATE utf8_unicode_ci DEFAULT NULL,
  PRIMARY KEY (`id`),
  KEY `name` (`name`)
) ENGINE=InnoDB AUTO_INCREMENT=10 DEFAULT CHARSET=utf8 COLLATE=utf8_unicode_ci;
/*!40101 SET character_set_client = @saved_cs_client */;

--
-- Dumping data for table `students`
--

LOCK TABLES `students` WRITE;
/*!40000 ALTER TABLE `students` DISABLE KEYS */;
INSERT INTO `students` VALUES (6,'Андрей'),(3,'Василий'),(7,'Георгий'),(8,'Денис'),(9,'Дмитрий'),(1,'Иван'),(5,'Ирина'),(2,'Петр'),(4,'Харитон');
/*!40000 ALTER TABLE `students` ENABLE KEYS */;
UNLOCK TABLES;

--
-- Table structure for table `teachers`
--

DROP TABLE IF EXISTS `teachers`;
/*!40101 SET @saved_cs_client     = @@character_set_client */;
/*!40101 SET character_set_client = utf8 */;
CREATE TABLE `teachers` (
  `id` int(11) NOT NULL AUTO_INCREMENT,
  `name` varchar(100) COLLATE utf8_unicode_ci DEFAULT NULL,
  PRIMARY KEY (`id`)
) ENGINE=InnoDB AUTO_INCREMENT=12 DEFAULT CHARSET=utf8 COLLATE=utf8_unicode_ci;
/*!40101 SET character_set_client = @saved_cs_client */;

--
-- Dumping data for table `teachers`
--

LOCK TABLES `teachers` WRITE;
/*!40000 ALTER TABLE `teachers` DISABLE KEYS */;
INSERT INTO `teachers` VALUES (1,'Леонид Аркадьевич'),(2,'Владимир Владимирович'),(3,'Екатерина Павловна'),(4,'Виктор Владимирович'),(5,'Егор Григорьевич'),(6,'Геннадий Петрович'),(8,'Леонид Борисович'),(9,'Иван Иванович'),(10,'Кирилл Эдуардович'),(11,'Дмитрий Валентинович');
/*!40000 ALTER TABLE `teachers` ENABLE KEYS */;
UNLOCK TABLES;
/*!40103 SET TIME_ZONE=@OLD_TIME_ZONE */;

/*!40101 SET SQL_MODE=@OLD_SQL_MODE */;
/*!40014 SET FOREIGN_KEY_CHECKS=@OLD_FOREIGN_KEY_CHECKS */;
/*!40014 SET UNIQUE_CHECKS=@OLD_UNIQUE_CHECKS */;
/*!40101 SET CHARACTER_SET_CLIENT=@OLD_CHARACTER_SET_CLIENT */;
/*!40101 SET CHARACTER_SET_RESULTS=@OLD_CHARACTER_SET_RESULTS */;
/*!40101 SET COLLATION_CONNECTION=@OLD_COLLATION_CONNECTION */;
/*!40111 SET SQL_NOTES=@OLD_SQL_NOTES */;

-- Dump completed on 2015-03-25 16:39:39
